-- --------------------------------------------------------
-- 主机:                           127.0.0.1
-- 服务器版本:                        11.4.2-MariaDB - Arch Linux
-- 服务器操作系统:                      Linux
-- HeidiSQL 版本:                  12.7.0.6850
-- --------------------------------------------------------

/*!40101 SET @OLD_CHARACTER_SET_CLIENT=@@CHARACTER_SET_CLIENT */;
/*!40101 SET NAMES utf8 */;
/*!50503 SET NAMES utf8mb4 */;
/*!40103 SET @OLD_TIME_ZONE=@@TIME_ZONE */;
/*!40103 SET TIME_ZONE='+00:00' */;
/*!40014 SET @OLD_FOREIGN_KEY_CHECKS=@@FOREIGN_KEY_CHECKS, FOREIGN_KEY_CHECKS=0 */;
/*!40101 SET @OLD_SQL_MODE=@@SQL_MODE, SQL_MODE='NO_AUTO_VALUE_ON_ZERO' */;
/*!40111 SET @OLD_SQL_NOTES=@@SQL_NOTES, SQL_NOTES=0 */;


-- 导出 colonq 的数据库结构
DROP DATABASE IF EXISTS `colonq`;
CREATE DATABASE IF NOT EXISTS `colonq` /*!40100 DEFAULT CHARACTER SET utf8mb4 COLLATE utf8mb4_general_ci */;
USE `colonq`;

-- 导出  表 colonq.log_info 结构
DROP TABLE IF EXISTS `log_info`;
CREATE TABLE IF NOT EXISTS `log_info` (
  `log_id` uuid NOT NULL DEFAULT uuid() COMMENT '角色ID',
  `log_type` enum('info','add','edit','delete','download','login','error') NOT NULL DEFAULT 'info' COMMENT '字典KEY:log_type',
  `api_params` longtext CHARACTER SET utf8mb4 COLLATE utf8mb4_bin DEFAULT NULL COMMENT '入参参数' CHECK (json_valid(`api_params`)),
  `log_intro` tinytext NOT NULL COMMENT '日志简介',
  `log_data` varchar(10000) DEFAULT NULL COMMENT '日志信息',
  `create_name` varchar(20) NOT NULL COMMENT '创建人',
  `create_time` datetime NOT NULL DEFAULT current_timestamp() COMMENT '创建时间',
  PRIMARY KEY (`log_id`) USING BTREE,
  KEY `search_key` (`log_type`,`log_intro`(255),`create_name`) USING BTREE
) ENGINE=InnoDB DEFAULT CHARSET=utf8mb4 COLLATE=utf8mb4_general_ci COMMENT='日志信息表';

-- 正在导出表  colonq.log_info 的数据：~29 rows (大约)
INSERT INTO `log_info` (`log_id`, `log_type`, `api_params`, `log_intro`, `log_data`, `create_name`, `create_time`) VALUES
	('799bd087-4a18-11ef-83d2-00155d078e6a', 'add', '[{"userId":null,"userName":"test123","password":null,"email":"zxcv@qq.com","salt":null,"createName":null,"createTime":null}]', '2024-07-25 07:57:25 -- Controller: cn.colonq.admin.control.UserController; Method: insert; LogType: add;', NULL, 'admin', '2024-07-25 07:57:25'),
	('aff5cbdf-4827-11ef-828d-00155d2df265', 'error', NULL, '2024-07-22 20:41:16 -- Controller: org.springframework.web.servlet.mvc.method.RequestMappingInfoHandlerMapping; Method: handleNoMatch; LogType: error; ErrMessage: Request method \'GET\' is not supported', 'org.springframework.web.HttpRequestMethodNotSupportedException: Request method \'GET\' is not supported\n	at org.springframework.web.servlet.mvc.method.RequestMappingInfoHandlerMapping.handleNoMatch(RequestMappingInfoHandlerMapping.java:267)\n	at org.springframework.web.servlet.handler.AbstractHandlerMethodMapping.lookupHandlerMethod(AbstractHandlerMethodMapping.java:441)\n	at org.springframework.web.servlet.handler.AbstractHandlerMethodMapping.getHandlerInternal(AbstractHandlerMethodMapping.java:382)\n	at org.springframework.web.servlet.mvc.method.RequestMappingInfoHandlerMapping.getHandlerInternal(RequestMappingInfoHandlerMapping.java:127)\n	at org.springframework.web.servlet.mvc.method.RequestMappingInfoHandlerMapping.getHandlerInternal(RequestMappingInfoHandlerMapping.java:68)\n	at org.springframework.web.servlet.handler.AbstractHandlerMapping.getHandler(AbstractHandlerMapping.java:507)\n	at org.springframework.web.servlet.DispatcherServlet.getHandler(DispatcherServlet.java:1283)\n	at org.springframework.web.servlet.DispatcherServlet.doDispatch(DispatcherServlet.java:1065)\n	at org.springframework.web.servlet.DispatcherServlet.doService(DispatcherServlet.java:979)\n	at org.springframework.web.servlet.FrameworkServlet.processRequest(FrameworkServlet.java:1014)\n	at org.springframework.web.servlet.FrameworkServlet.doGet(FrameworkServlet.java:903)\n	at jakarta.servlet.http.HttpServlet.service(HttpServlet.java:564)\n	at org.springframework.web.servlet.FrameworkServlet.service(FrameworkServlet.java:885)\n	at jakarta.servlet.http.HttpServlet.service(HttpServlet.java:658)\n	at org.apache.catalina.core.ApplicationFilterChain.internalDoFilter(ApplicationFilterChain.java:195)\n	at org.apache.catalina.core.ApplicationFilterChain.doFilter(ApplicationFilterChain.java:140)\n	at org.apache.tomcat.websocket.server.WsFilter.doFilter(WsFilter.java:51)\n	at org.apache.catalina.core.ApplicationFilterChain.internalDoFilter(ApplicationFilterChain.java:164)\n	at org.apache.catalina.core.ApplicationFilterChain.doFilter(ApplicationFilterChain.java:140)\n	at cn.colonq.admin.config.TokenFilter.doFilter(TokenFilter.java:97)\n	at org.apache.catalina.core.ApplicationFilterChain.internalDoFilter(ApplicationFilterChain.java:164)\n	at org.apache.catalina.core.ApplicationFilterChain.doFilter(ApplicationFilterChain.java:140)\n	at org.springframework.web.filter.RequestContextFilter.doFilterInternal(RequestContextFilter.java:100)\n	at org.springframework.web.filter.OncePerRequestFilter.doFilter(OncePerRequestFilter.java:116)\n	at org.apache.catalina.core.ApplicationFilterChain.internalDoFilter(ApplicationFilterChain.java:164)\n	at org.apache.catalina.core.ApplicationFilterChain.doFilter(ApplicationFilterChain.java:140)\n	at org.springframework.web.filter.FormContentFilter.doFilterInternal(FormContentFilter.java:93)\n	at org.springframework.web.filter.OncePerRequestFilter.doFilter(OncePerRequestFilter.java:116)\n	at org.apache.catalina.core.ApplicationFilterChain.internalDoFilter(ApplicationFilterChain.java:164)\n	at org.apache.catalina.core.ApplicationFilterChain.doFilter(ApplicationFilterChain.java:140)\n	at org.springframework.web.filter.CharacterEncodingFilter.doFilterInternal(CharacterEncodingFilter.java:201)\n	at org.springframework.web.filter.OncePerRequestFilter.doFilter(OncePerRequestFilter.java:116)\n	at org.apache.catalina.core.ApplicationFilterChain.internalDoFilter(ApplicationFilterChain.java:164)\n	at org.apache.catalina.core.ApplicationFilterChain.doFilter(ApplicationFilterChain.java:140)\n	at org.apache.catalina.core.StandardWrapperValve.invoke(StandardWrapperValve.java:167)\n	at org.apache.catalina.core.StandardContextValve.invoke(StandardContextValve.java:90)\n	at org.apache.catalina.authenticator.AuthenticatorBase.invoke(AuthenticatorBase.java:483)\n	at org.apache.catalina.core.StandardHostValve.invoke(StandardHostValve.java:115)\n	at org.apache.catalina.valves.ErrorReportValve.invoke(ErrorReportValve.java:93)\n	at org.apache.catalina.core.StandardEngineValve.invoke(StandardEngineValve.java:74)\n	at org.apache.catalina.connector.CoyoteAdapter.service(CoyoteAdapter.java:344)\n	at org.apache.coyote.http11.Http11Processor.service(Http11Processor.java:389)\n	at org.apache.coyote.AbstractProcessorLight.process(AbstractProcessorLight.java:63)\n	at org.apache.coyote.AbstractProtocol$ConnectionHandler.process(AbstractProtocol.java:904)\n	at org.apache.tomcat.util.net.NioEndpoint$SocketProcessor.doRun(NioEndpoint.java:1741)\n	at org.apache.tomcat.util.net.SocketProcessorBase.run(SocketProcessorBase.java:52)\n	at java.base/java.lang.VirtualThread.run(VirtualThread.java:329)\n', 'admin', '2024-07-22 20:41:16'),
	('fde8fb4f-4827-11ef-828d-00155d2df265', 'error', NULL, '2024-07-22 20:43:27 -- Controller: org.springframework.beans.BeanUtils; Method: getResolvableConstructor; LogType: error; ErrMessage: No primary or single unique constructor found for interface java.util.Set', 'java.lang.IllegalStateException: No primary or single unique constructor found for interface java.util.Set\n	at org.springframework.beans.BeanUtils.getResolvableConstructor(BeanUtils.java:265)\n	at org.springframework.validation.DataBinder.createObject(DataBinder.java:924)\n	at org.springframework.validation.DataBinder.construct(DataBinder.java:903)\n	at org.springframework.web.bind.ServletRequestDataBinder.construct(ServletRequestDataBinder.java:116)\n	at org.springframework.web.servlet.mvc.method.annotation.ServletModelAttributeMethodProcessor.constructAttribute(ServletModelAttributeMethodProcessor.java:157)\n	at org.springframework.web.method.annotation.ModelAttributeMethodProcessor.resolveArgument(ModelAttributeMethodProcessor.java:148)\n	at org.springframework.web.method.support.HandlerMethodArgumentResolverComposite.resolveArgument(HandlerMethodArgumentResolverComposite.java:122)\n	at org.springframework.web.method.support.InvocableHandlerMethod.getMethodArgumentValues(InvocableHandlerMethod.java:224)\n	at org.springframework.web.method.support.InvocableHandlerMethod.invokeForRequest(InvocableHandlerMethod.java:178)\n	at org.springframework.web.servlet.mvc.method.annotation.ServletInvocableHandlerMethod.invokeAndHandle(ServletInvocableHandlerMethod.java:118)\n	at org.springframework.web.servlet.mvc.method.annotation.RequestMappingHandlerAdapter.invokeHandlerMethod(RequestMappingHandlerAdapter.java:926)\n	at org.springframework.web.servlet.mvc.method.annotation.RequestMappingHandlerAdapter.handleInternal(RequestMappingHandlerAdapter.java:831)\n	at org.springframework.web.servlet.mvc.method.AbstractHandlerMethodAdapter.handle(AbstractHandlerMethodAdapter.java:87)\n	at org.springframework.web.servlet.DispatcherServlet.doDispatch(DispatcherServlet.java:1089)\n	at org.springframework.web.servlet.DispatcherServlet.doService(DispatcherServlet.java:979)\n	at org.springframework.web.servlet.FrameworkServlet.processRequest(FrameworkServlet.java:1014)\n	at org.springframework.web.servlet.FrameworkServlet.doGet(FrameworkServlet.java:903)\n	at jakarta.servlet.http.HttpServlet.service(HttpServlet.java:564)\n	at org.springframework.web.servlet.FrameworkServlet.service(FrameworkServlet.java:885)\n	at jakarta.servlet.http.HttpServlet.service(HttpServlet.java:658)\n	at org.apache.catalina.core.ApplicationFilterChain.internalDoFilter(ApplicationFilterChain.java:195)\n	at org.apache.catalina.core.ApplicationFilterChain.doFilter(ApplicationFilterChain.java:140)\n	at org.apache.tomcat.websocket.server.WsFilter.doFilter(WsFilter.java:51)\n	at org.apache.catalina.core.ApplicationFilterChain.internalDoFilter(ApplicationFilterChain.java:164)\n	at org.apache.catalina.core.ApplicationFilterChain.doFilter(ApplicationFilterChain.java:140)\n	at cn.colonq.admin.config.TokenFilter.doFilter(TokenFilter.java:97)\n	at org.apache.catalina.core.ApplicationFilterChain.internalDoFilter(ApplicationFilterChain.java:164)\n	at org.apache.catalina.core.ApplicationFilterChain.doFilter(ApplicationFilterChain.java:140)\n	at org.springframework.web.filter.RequestContextFilter.doFilterInternal(RequestContextFilter.java:100)\n	at org.springframework.web.filter.OncePerRequestFilter.doFilter(OncePerRequestFilter.java:116)\n	at org.apache.catalina.core.ApplicationFilterChain.internalDoFilter(ApplicationFilterChain.java:164)\n	at org.apache.catalina.core.ApplicationFilterChain.doFilter(ApplicationFilterChain.java:140)\n	at org.springframework.web.filter.FormContentFilter.doFilterInternal(FormContentFilter.java:93)\n	at org.springframework.web.filter.OncePerRequestFilter.doFilter(OncePerRequestFilter.java:116)\n	at org.apache.catalina.core.ApplicationFilterChain.internalDoFilter(ApplicationFilterChain.java:164)\n	at org.apache.catalina.core.ApplicationFilterChain.doFilter(ApplicationFilterChain.java:140)\n	at org.springframework.web.filter.CharacterEncodingFilter.doFilterInternal(CharacterEncodingFilter.java:201)\n	at org.springframework.web.filter.OncePerRequestFilter.doFilter(OncePerRequestFilter.java:116)\n	at org.apache.catalina.core.ApplicationFilterChain.internalDoFilter(ApplicationFilterChain.java:164)\n	at org.apache.catalina.core.ApplicationFilterChain.doFilter(ApplicationFilterChain.java:140)\n	at org.apache.catalina.core.StandardWrapperValve.invoke(StandardWrapperValve.java:167)\n	at org.apache.catalina.core.StandardContextValve.invoke(StandardContextValve.java:90)\n	at org.apache.catalina.authenticator.AuthenticatorBase.invoke(AuthenticatorBase.java:483)\n	at org.apache.catalina.core.StandardHostValve.invoke(StandardHostValve.java:115)\n	at org.apache.catalina.valves.ErrorReportValve.invoke(ErrorReportValve.java:93)\n	at org.apache.catalina.core.StandardEngineValve.invoke(StandardEngineValve.java:74)\n	at org.apache.catalina.connector.CoyoteAdapter.service(CoyoteAdapter.java:344)\n	at org.apache.coyote.http11.Http11Processor.service(Http11Processor.java:389)\n	at org.apache.coyote.AbstractProcessorLight.process(AbstractProcessorLight.java:63)\n	at org.apache.coyote.AbstractProtocol$ConnectionHandler.process(AbstractProtocol.java:904)\n	at org.apache.tomcat.util.net.NioEndpoint$SocketProcessor.doRun(NioEndpoint.java:1741)\n	at org.apache.tomcat.util.net.SocketProcessorBase.run(SocketProcessorBase.java:52)\n	at java.base/java.lang.VirtualThread.run(VirtualThread.java:329)\n', 'admin', '2024-07-22 20:43:27'),
	('a908fe0a-4828-11ef-828d-00155d2df265', 'error', NULL, '2024-07-22 20:48:14 -- Controller: org.springframework.web.servlet.mvc.method.RequestMappingInfoHandlerMapping; Method: handleNoMatch; LogType: error; ErrMessage: Request method \'POST\' is not supported', 'org.springframework.web.HttpRequestMethodNotSupportedException: Request method \'POST\' is not supported\n	at org.springframework.web.servlet.mvc.method.RequestMappingInfoHandlerMapping.handleNoMatch(RequestMappingInfoHandlerMapping.java:267)\n	at org.springframework.web.servlet.handler.AbstractHandlerMethodMapping.lookupHandlerMethod(AbstractHandlerMethodMapping.java:441)\n	at org.springframework.web.servlet.handler.AbstractHandlerMethodMapping.getHandlerInternal(AbstractHandlerMethodMapping.java:382)\n	at org.springframework.web.servlet.mvc.method.RequestMappingInfoHandlerMapping.getHandlerInternal(RequestMappingInfoHandlerMapping.java:127)\n	at org.springframework.web.servlet.mvc.method.RequestMappingInfoHandlerMapping.getHandlerInternal(RequestMappingInfoHandlerMapping.java:68)\n	at org.springframework.web.servlet.handler.AbstractHandlerMapping.getHandler(AbstractHandlerMapping.java:507)\n	at org.springframework.web.servlet.DispatcherServlet.getHandler(DispatcherServlet.java:1283)\n	at org.springframework.web.servlet.DispatcherServlet.doDispatch(DispatcherServlet.java:1065)\n	at org.springframework.web.servlet.DispatcherServlet.doService(DispatcherServlet.java:979)\n	at org.springframework.web.servlet.FrameworkServlet.processRequest(FrameworkServlet.java:1014)\n	at org.springframework.web.servlet.FrameworkServlet.doPost(FrameworkServlet.java:914)\n	at jakarta.servlet.http.HttpServlet.service(HttpServlet.java:590)\n	at org.springframework.web.servlet.FrameworkServlet.service(FrameworkServlet.java:885)\n	at jakarta.servlet.http.HttpServlet.service(HttpServlet.java:658)\n	at org.apache.catalina.core.ApplicationFilterChain.internalDoFilter(ApplicationFilterChain.java:195)\n	at org.apache.catalina.core.ApplicationFilterChain.doFilter(ApplicationFilterChain.java:140)\n	at org.apache.tomcat.websocket.server.WsFilter.doFilter(WsFilter.java:51)\n	at org.apache.catalina.core.ApplicationFilterChain.internalDoFilter(ApplicationFilterChain.java:164)\n	at org.apache.catalina.core.ApplicationFilterChain.doFilter(ApplicationFilterChain.java:140)\n	at cn.colonq.admin.config.TokenFilter.doFilter(TokenFilter.java:97)\n	at org.apache.catalina.core.ApplicationFilterChain.internalDoFilter(ApplicationFilterChain.java:164)\n	at org.apache.catalina.core.ApplicationFilterChain.doFilter(ApplicationFilterChain.java:140)\n	at org.springframework.web.filter.RequestContextFilter.doFilterInternal(RequestContextFilter.java:100)\n	at org.springframework.web.filter.OncePerRequestFilter.doFilter(OncePerRequestFilter.java:116)\n	at org.apache.catalina.core.ApplicationFilterChain.internalDoFilter(ApplicationFilterChain.java:164)\n	at org.apache.catalina.core.ApplicationFilterChain.doFilter(ApplicationFilterChain.java:140)\n	at org.springframework.web.filter.FormContentFilter.doFilterInternal(FormContentFilter.java:93)\n	at org.springframework.web.filter.OncePerRequestFilter.doFilter(OncePerRequestFilter.java:116)\n	at org.apache.catalina.core.ApplicationFilterChain.internalDoFilter(ApplicationFilterChain.java:164)\n	at org.apache.catalina.core.ApplicationFilterChain.doFilter(ApplicationFilterChain.java:140)\n	at org.springframework.web.filter.CharacterEncodingFilter.doFilterInternal(CharacterEncodingFilter.java:201)\n	at org.springframework.web.filter.OncePerRequestFilter.doFilter(OncePerRequestFilter.java:116)\n	at org.apache.catalina.core.ApplicationFilterChain.internalDoFilter(ApplicationFilterChain.java:164)\n	at org.apache.catalina.core.ApplicationFilterChain.doFilter(ApplicationFilterChain.java:140)\n	at org.apache.catalina.core.StandardWrapperValve.invoke(StandardWrapperValve.java:167)\n	at org.apache.catalina.core.StandardContextValve.invoke(StandardContextValve.java:90)\n	at org.apache.catalina.authenticator.AuthenticatorBase.invoke(AuthenticatorBase.java:483)\n	at org.apache.catalina.core.StandardHostValve.invoke(StandardHostValve.java:115)\n	at org.apache.catalina.valves.ErrorReportValve.invoke(ErrorReportValve.java:93)\n	at org.apache.catalina.core.StandardEngineValve.invoke(StandardEngineValve.java:74)\n	at org.apache.catalina.connector.CoyoteAdapter.service(CoyoteAdapter.java:344)\n	at org.apache.coyote.http11.Http11Processor.service(Http11Processor.java:389)\n	at org.apache.coyote.AbstractProcessorLight.process(AbstractProcessorLight.java:63)\n	at org.apache.coyote.AbstractProtocol$ConnectionHandler.process(AbstractProtocol.java:904)\n	at org.apache.tomcat.util.net.NioEndpoint$SocketProcessor.doRun(NioEndpoint.java:1741)\n	at org.apache.tomcat.util.net.SocketProcessorBase.run(SocketProcessorBase.java:52)\n	at java.base/java.lang.VirtualThread.run(VirtualThread.java:329)\n', 'admin', '2024-07-22 20:48:14'),
	('af9ba058-4828-11ef-828d-00155d2df265', 'error', NULL, '2024-07-22 20:48:25 -- Controller: org.springframework.web.servlet.mvc.method.RequestMappingInfoHandlerMapping; Method: handleNoMatch; LogType: error; ErrMessage: Request method \'POST\' is not supported', 'org.springframework.web.HttpRequestMethodNotSupportedException: Request method \'POST\' is not supported\n	at org.springframework.web.servlet.mvc.method.RequestMappingInfoHandlerMapping.handleNoMatch(RequestMappingInfoHandlerMapping.java:267)\n	at org.springframework.web.servlet.handler.AbstractHandlerMethodMapping.lookupHandlerMethod(AbstractHandlerMethodMapping.java:441)\n	at org.springframework.web.servlet.handler.AbstractHandlerMethodMapping.getHandlerInternal(AbstractHandlerMethodMapping.java:382)\n	at org.springframework.web.servlet.mvc.method.RequestMappingInfoHandlerMapping.getHandlerInternal(RequestMappingInfoHandlerMapping.java:127)\n	at org.springframework.web.servlet.mvc.method.RequestMappingInfoHandlerMapping.getHandlerInternal(RequestMappingInfoHandlerMapping.java:68)\n	at org.springframework.web.servlet.handler.AbstractHandlerMapping.getHandler(AbstractHandlerMapping.java:507)\n	at org.springframework.web.servlet.DispatcherServlet.getHandler(DispatcherServlet.java:1283)\n	at org.springframework.web.servlet.DispatcherServlet.doDispatch(DispatcherServlet.java:1065)\n	at org.springframework.web.servlet.DispatcherServlet.doService(DispatcherServlet.java:979)\n	at org.springframework.web.servlet.FrameworkServlet.processRequest(FrameworkServlet.java:1014)\n	at org.springframework.web.servlet.FrameworkServlet.doPost(FrameworkServlet.java:914)\n	at jakarta.servlet.http.HttpServlet.service(HttpServlet.java:590)\n	at org.springframework.web.servlet.FrameworkServlet.service(FrameworkServlet.java:885)\n	at jakarta.servlet.http.HttpServlet.service(HttpServlet.java:658)\n	at org.apache.catalina.core.ApplicationFilterChain.internalDoFilter(ApplicationFilterChain.java:195)\n	at org.apache.catalina.core.ApplicationFilterChain.doFilter(ApplicationFilterChain.java:140)\n	at org.apache.tomcat.websocket.server.WsFilter.doFilter(WsFilter.java:51)\n	at org.apache.catalina.core.ApplicationFilterChain.internalDoFilter(ApplicationFilterChain.java:164)\n	at org.apache.catalina.core.ApplicationFilterChain.doFilter(ApplicationFilterChain.java:140)\n	at cn.colonq.admin.config.TokenFilter.doFilter(TokenFilter.java:97)\n	at org.apache.catalina.core.ApplicationFilterChain.internalDoFilter(ApplicationFilterChain.java:164)\n	at org.apache.catalina.core.ApplicationFilterChain.doFilter(ApplicationFilterChain.java:140)\n	at org.springframework.web.filter.RequestContextFilter.doFilterInternal(RequestContextFilter.java:100)\n	at org.springframework.web.filter.OncePerRequestFilter.doFilter(OncePerRequestFilter.java:116)\n	at org.apache.catalina.core.ApplicationFilterChain.internalDoFilter(ApplicationFilterChain.java:164)\n	at org.apache.catalina.core.ApplicationFilterChain.doFilter(ApplicationFilterChain.java:140)\n	at org.springframework.web.filter.FormContentFilter.doFilterInternal(FormContentFilter.java:93)\n	at org.springframework.web.filter.OncePerRequestFilter.doFilter(OncePerRequestFilter.java:116)\n	at org.apache.catalina.core.ApplicationFilterChain.internalDoFilter(ApplicationFilterChain.java:164)\n	at org.apache.catalina.core.ApplicationFilterChain.doFilter(ApplicationFilterChain.java:140)\n	at org.springframework.web.filter.CharacterEncodingFilter.doFilterInternal(CharacterEncodingFilter.java:201)\n	at org.springframework.web.filter.OncePerRequestFilter.doFilter(OncePerRequestFilter.java:116)\n	at org.apache.catalina.core.ApplicationFilterChain.internalDoFilter(ApplicationFilterChain.java:164)\n	at org.apache.catalina.core.ApplicationFilterChain.doFilter(ApplicationFilterChain.java:140)\n	at org.apache.catalina.core.StandardWrapperValve.invoke(StandardWrapperValve.java:167)\n	at org.apache.catalina.core.StandardContextValve.invoke(StandardContextValve.java:90)\n	at org.apache.catalina.authenticator.AuthenticatorBase.invoke(AuthenticatorBase.java:483)\n	at org.apache.catalina.core.StandardHostValve.invoke(StandardHostValve.java:115)\n	at org.apache.catalina.valves.ErrorReportValve.invoke(ErrorReportValve.java:93)\n	at org.apache.catalina.core.StandardEngineValve.invoke(StandardEngineValve.java:74)\n	at org.apache.catalina.connector.CoyoteAdapter.service(CoyoteAdapter.java:344)\n	at org.apache.coyote.http11.Http11Processor.service(Http11Processor.java:389)\n	at org.apache.coyote.AbstractProcessorLight.process(AbstractProcessorLight.java:63)\n	at org.apache.coyote.AbstractProtocol$ConnectionHandler.process(AbstractProtocol.java:904)\n	at org.apache.tomcat.util.net.NioEndpoint$SocketProcessor.doRun(NioEndpoint.java:1741)\n	at org.apache.tomcat.util.net.SocketProcessorBase.run(SocketProcessorBase.java:52)\n	at java.base/java.lang.VirtualThread.run(VirtualThread.java:329)\n', 'admin', '2024-07-22 20:48:25'),
	('ec12d345-483d-11ef-828d-00155d2df265', 'login', NULL, '2024-07-22 23:20:26 -- Controller: cn.colonq.admin.control.UserController; Method: login; LogType: login;', NULL, 'admin', '2024-07-22 23:20:26'),
	('ec47ad87-483d-11ef-828d-00155d2df265', 'error', NULL, '2024-07-22 23:20:26 -- Controller: cn.colonq.admin.service.impl.UserServiceImpl; Method: login; LogType: error; ErrMessage: 用户名或密码错误', 'cn.colonq.admin.config.ServiceException: 用户名或密码错误\n	at cn.colonq.admin.service.impl.UserServiceImpl.login(UserServiceImpl.java:52)\n	at cn.colonq.admin.control.UserController.login(UserController.java:33)\n	at java.base/jdk.internal.reflect.DirectMethodHandleAccessor.invoke(DirectMethodHandleAccessor.java:103)\n	at java.base/java.lang.reflect.Method.invoke(Method.java:580)\n	at org.springframework.aop.support.AopUtils.invokeJoinpointUsingReflection(AopUtils.java:354)\n	at org.springframework.aop.framework.ReflectiveMethodInvocation.invokeJoinpoint(ReflectiveMethodInvocation.java:196)\n	at org.springframework.aop.framework.ReflectiveMethodInvocation.proceed(ReflectiveMethodInvocation.java:163)\n	at org.springframework.aop.framework.CglibAopProxy$CglibMethodInvocation.proceed(CglibAopProxy.java:768)\n	at org.springframework.aop.aspectj.AspectJAfterAdvice.invoke(AspectJAfterAdvice.java:49)\n	at org.springframework.aop.framework.ReflectiveMethodInvocation.proceed(ReflectiveMethodInvocation.java:173)\n	at org.springframework.aop.framework.CglibAopProxy$CglibMethodInvocation.proceed(CglibAopProxy.java:768)\n	at org.springframework.aop.interceptor.ExposeInvocationInterceptor.invoke(ExposeInvocationInterceptor.java:97)\n	at org.springframework.aop.framework.ReflectiveMethodInvocation.proceed(ReflectiveMethodInvocation.java:184)\n	at org.springframework.aop.framework.CglibAopProxy$CglibMethodInvocation.proceed(CglibAopProxy.java:768)\n	at org.springframework.aop.framework.CglibAopProxy$DynamicAdvisedInterceptor.intercept(CglibAopProxy.java:720)\n	at cn.colonq.admin.control.UserController$$SpringCGLIB$$0.login(<generated>)\n	at java.base/jdk.internal.reflect.DirectMethodHandleAccessor.invoke(DirectMethodHandleAccessor.java:103)\n	at java.base/java.lang.reflect.Method.invoke(Method.java:580)\n	at org.springframework.web.method.support.InvocableHandlerMethod.doInvoke(InvocableHandlerMethod.java:255)\n	at org.springframework.web.method.support.InvocableHandlerMethod.invokeForRequest(InvocableHandlerMethod.java:188)\n	at org.springframework.web.servlet.mvc.method.annotation.ServletInvocableHandlerMethod.invokeAndHandle(ServletInvocableHandlerMethod.java:118)\n	at org.springframework.web.servlet.mvc.method.annotation.RequestMappingHandlerAdapter.invokeHandlerMethod(RequestMappingHandlerAdapter.java:926)\n	at org.springframework.web.servlet.mvc.method.annotation.RequestMappingHandlerAdapter.handleInternal(RequestMappingHandlerAdapter.java:831)\n	at org.springframework.web.servlet.mvc.method.AbstractHandlerMethodAdapter.handle(AbstractHandlerMethodAdapter.java:87)\n	at org.springframework.web.servlet.DispatcherServlet.doDispatch(DispatcherServlet.java:1089)\n	at org.springframework.web.servlet.DispatcherServlet.doService(DispatcherServlet.java:979)\n	at org.springframework.web.servlet.FrameworkServlet.processRequest(FrameworkServlet.java:1014)\n	at org.springframework.web.servlet.FrameworkServlet.doPost(FrameworkServlet.java:914)\n	at jakarta.servlet.http.HttpServlet.service(HttpServlet.java:590)\n	at org.springframework.web.servlet.FrameworkServlet.service(FrameworkServlet.java:885)\n	at jakarta.servlet.http.HttpServlet.service(HttpServlet.java:658)\n	at org.apache.catalina.core.ApplicationFilterChain.internalDoFilter(ApplicationFilterChain.java:195)\n	at org.apache.catalina.core.ApplicationFilterChain.doFilter(ApplicationFilterChain.java:140)\n	at org.apache.tomcat.websocket.server.WsFilter.doFilter(WsFilter.java:51)\n	at org.apache.catalina.core.ApplicationFilterChain.internalDoFilter(ApplicationFilterChain.java:164)\n	at org.apache.catalina.core.ApplicationFilterChain.doFilter(ApplicationFilterChain.java:140)\n	at cn.colonq.admin.config.TokenFilter.doFilter(TokenFilter.java:97)\n	at org.apache.catalina.core.ApplicationFilterChain.internalDoFilter(ApplicationFilterChain.java:164)\n	at org.apache.catalina.core.ApplicationFilterChain.doFilter(ApplicationFilterChain.java:140)\n	at org.springframework.web.filter.RequestContextFilter.doFilterInternal(RequestContextFilter.java:100)\n	at org.springframework.web.filter.OncePerRequestFilter.doFilter(OncePerRequestFilter.java:116)\n	at org.apache.catalina.core.ApplicationFilterChain.internalDoFilter(ApplicationFilterChain.java:164)\n	at org.apache.catalina.core.ApplicationFilterChain.doFilter(ApplicationFilterChain.java:140)\n	at org.springframework.web.filter.FormContentFilter.doFilterInternal(FormContentFilter.java:93)\n	at org.springframework.web.filter.OncePerRequestFilter.doFilter(OncePerRequestFilter.java:116)\n	at org.apache.catalina.core.ApplicationFilterChain.internalDoFilter(ApplicationFilterChain.java:164)\n	at org.apache.catalina.core.ApplicationFilterChain.doFilter(ApplicationFilterChain.java:140)\n	at org.springframework.web.filter.CharacterEncodingFilter.doFilterInternal(CharacterEncodingFilter.java:201)\n	at org.springframework.web.filter.OncePerRequestFilter.doFilter(OncePerRequestFilter.java:116)\n	at org.apache.catalina.core.ApplicationFilterChain.internalDoFilter(ApplicationFilterChain.java:164)\n	at org.apache.catalina.core.ApplicationFilterChain.doFilter(ApplicationFilterChain.java:140)\n	at org.apache.catalina.core.StandardWrapperValve.invoke(StandardWrapperValve.java:167)\n	at org.apache.catalina.core.StandardContextValve.invoke(StandardContextValve.java:90)\n	at org.apache.catalina.authenticator.AuthenticatorBase.invoke(AuthenticatorBase.java:483)\n	at org.apache.catalina.core.StandardHostValve.invoke(StandardHostValve.java:115)\n	at org.apache.catalina.valves.ErrorReportValve.invoke(ErrorReportValve.java:93)\n	at org.apache.catalina.core.StandardEngineValve.invoke(StandardEngineValve.java:74)\n	at org.apache.catalina.connector.CoyoteAdapter.service(CoyoteAdapter.java:344)\n	at org.apache.coyote.http11.Http11Processor.service(Http11Processor.java:389)\n	at org.apache.coyote.AbstractProcessorLight.process(AbstractProcessorLight.java:63)\n	at org.apache.coyote.AbstractProtocol$ConnectionHandler.process(AbstractProtocol.java:904)\n	at org.apache.tomcat.util.net.NioEndpoint$SocketProcessor.doRun(NioEndpoint.java:1741)\n	at org.apache.tomcat.util.net.SocketProcessorBase.run(SocketProcessorBase.java:52)\n	at java.base/java.lang.VirtualThread.run(VirtualThread.java:329)\n', 'admin', '2024-07-22 23:20:26'),
	('eceead62-483d-11ef-828d-00155d2df265', 'login', NULL, '2024-07-22 23:20:27 -- Controller: cn.colonq.admin.control.UserController; Method: login; LogType: login;', NULL, 'admin', '2024-07-22 23:20:27'),
	('ecef7c98-483d-11ef-828d-00155d2df265', 'error', NULL, '2024-07-22 23:20:27 -- Controller: cn.colonq.admin.service.impl.UserServiceImpl; Method: login; LogType: error; ErrMessage: 用户名或密码错误', 'cn.colonq.admin.config.ServiceException: 用户名或密码错误\n	at cn.colonq.admin.service.impl.UserServiceImpl.login(UserServiceImpl.java:52)\n	at cn.colonq.admin.control.UserController.login(UserController.java:33)\n	at java.base/jdk.internal.reflect.DirectMethodHandleAccessor.invoke(DirectMethodHandleAccessor.java:103)\n	at java.base/java.lang.reflect.Method.invoke(Method.java:580)\n	at org.springframework.aop.support.AopUtils.invokeJoinpointUsingReflection(AopUtils.java:354)\n	at org.springframework.aop.framework.ReflectiveMethodInvocation.invokeJoinpoint(ReflectiveMethodInvocation.java:196)\n	at org.springframework.aop.framework.ReflectiveMethodInvocation.proceed(ReflectiveMethodInvocation.java:163)\n	at org.springframework.aop.framework.CglibAopProxy$CglibMethodInvocation.proceed(CglibAopProxy.java:768)\n	at org.springframework.aop.aspectj.AspectJAfterAdvice.invoke(AspectJAfterAdvice.java:49)\n	at org.springframework.aop.framework.ReflectiveMethodInvocation.proceed(ReflectiveMethodInvocation.java:173)\n	at org.springframework.aop.framework.CglibAopProxy$CglibMethodInvocation.proceed(CglibAopProxy.java:768)\n	at org.springframework.aop.interceptor.ExposeInvocationInterceptor.invoke(ExposeInvocationInterceptor.java:97)\n	at org.springframework.aop.framework.ReflectiveMethodInvocation.proceed(ReflectiveMethodInvocation.java:184)\n	at org.springframework.aop.framework.CglibAopProxy$CglibMethodInvocation.proceed(CglibAopProxy.java:768)\n	at org.springframework.aop.framework.CglibAopProxy$DynamicAdvisedInterceptor.intercept(CglibAopProxy.java:720)\n	at cn.colonq.admin.control.UserController$$SpringCGLIB$$0.login(<generated>)\n	at java.base/jdk.internal.reflect.DirectMethodHandleAccessor.invoke(DirectMethodHandleAccessor.java:103)\n	at java.base/java.lang.reflect.Method.invoke(Method.java:580)\n	at org.springframework.web.method.support.InvocableHandlerMethod.doInvoke(InvocableHandlerMethod.java:255)\n	at org.springframework.web.method.support.InvocableHandlerMethod.invokeForRequest(InvocableHandlerMethod.java:188)\n	at org.springframework.web.servlet.mvc.method.annotation.ServletInvocableHandlerMethod.invokeAndHandle(ServletInvocableHandlerMethod.java:118)\n	at org.springframework.web.servlet.mvc.method.annotation.RequestMappingHandlerAdapter.invokeHandlerMethod(RequestMappingHandlerAdapter.java:926)\n	at org.springframework.web.servlet.mvc.method.annotation.RequestMappingHandlerAdapter.handleInternal(RequestMappingHandlerAdapter.java:831)\n	at org.springframework.web.servlet.mvc.method.AbstractHandlerMethodAdapter.handle(AbstractHandlerMethodAdapter.java:87)\n	at org.springframework.web.servlet.DispatcherServlet.doDispatch(DispatcherServlet.java:1089)\n	at org.springframework.web.servlet.DispatcherServlet.doService(DispatcherServlet.java:979)\n	at org.springframework.web.servlet.FrameworkServlet.processRequest(FrameworkServlet.java:1014)\n	at org.springframework.web.servlet.FrameworkServlet.doPost(FrameworkServlet.java:914)\n	at jakarta.servlet.http.HttpServlet.service(HttpServlet.java:590)\n	at org.springframework.web.servlet.FrameworkServlet.service(FrameworkServlet.java:885)\n	at jakarta.servlet.http.HttpServlet.service(HttpServlet.java:658)\n	at org.apache.catalina.core.ApplicationFilterChain.internalDoFilter(ApplicationFilterChain.java:195)\n	at org.apache.catalina.core.ApplicationFilterChain.doFilter(ApplicationFilterChain.java:140)\n	at org.apache.tomcat.websocket.server.WsFilter.doFilter(WsFilter.java:51)\n	at org.apache.catalina.core.ApplicationFilterChain.internalDoFilter(ApplicationFilterChain.java:164)\n	at org.apache.catalina.core.ApplicationFilterChain.doFilter(ApplicationFilterChain.java:140)\n	at cn.colonq.admin.config.TokenFilter.doFilter(TokenFilter.java:97)\n	at org.apache.catalina.core.ApplicationFilterChain.internalDoFilter(ApplicationFilterChain.java:164)\n	at org.apache.catalina.core.ApplicationFilterChain.doFilter(ApplicationFilterChain.java:140)\n	at org.springframework.web.filter.RequestContextFilter.doFilterInternal(RequestContextFilter.java:100)\n	at org.springframework.web.filter.OncePerRequestFilter.doFilter(OncePerRequestFilter.java:116)\n	at org.apache.catalina.core.ApplicationFilterChain.internalDoFilter(ApplicationFilterChain.java:164)\n	at org.apache.catalina.core.ApplicationFilterChain.doFilter(ApplicationFilterChain.java:140)\n	at org.springframework.web.filter.FormContentFilter.doFilterInternal(FormContentFilter.java:93)\n	at org.springframework.web.filter.OncePerRequestFilter.doFilter(OncePerRequestFilter.java:116)\n	at org.apache.catalina.core.ApplicationFilterChain.internalDoFilter(ApplicationFilterChain.java:164)\n	at org.apache.catalina.core.ApplicationFilterChain.doFilter(ApplicationFilterChain.java:140)\n	at org.springframework.web.filter.CharacterEncodingFilter.doFilterInternal(CharacterEncodingFilter.java:201)\n	at org.springframework.web.filter.OncePerRequestFilter.doFilter(OncePerRequestFilter.java:116)\n	at org.apache.catalina.core.ApplicationFilterChain.internalDoFilter(ApplicationFilterChain.java:164)\n	at org.apache.catalina.core.ApplicationFilterChain.doFilter(ApplicationFilterChain.java:140)\n	at org.apache.catalina.core.StandardWrapperValve.invoke(StandardWrapperValve.java:167)\n	at org.apache.catalina.core.StandardContextValve.invoke(StandardContextValve.java:90)\n	at org.apache.catalina.authenticator.AuthenticatorBase.invoke(AuthenticatorBase.java:483)\n	at org.apache.catalina.core.StandardHostValve.invoke(StandardHostValve.java:115)\n	at org.apache.catalina.valves.ErrorReportValve.invoke(ErrorReportValve.java:93)\n	at org.apache.catalina.core.StandardEngineValve.invoke(StandardEngineValve.java:74)\n	at org.apache.catalina.connector.CoyoteAdapter.service(CoyoteAdapter.java:344)\n	at org.apache.coyote.http11.Http11Processor.service(Http11Processor.java:389)\n	at org.apache.coyote.AbstractProcessorLight.process(AbstractProcessorLight.java:63)\n	at org.apache.coyote.AbstractProtocol$ConnectionHandler.process(AbstractProtocol.java:904)\n	at org.apache.tomcat.util.net.NioEndpoint$SocketProcessor.doRun(NioEndpoint.java:1741)\n	at org.apache.tomcat.util.net.SocketProcessorBase.run(SocketProcessorBase.java:52)\n	at java.base/java.lang.VirtualThread.run(VirtualThread.java:329)\n', 'admin', '2024-07-22 23:20:27'),
	('0f3c2bb0-483e-11ef-828d-00155d2df265', 'login', NULL, '2024-07-22 23:21:25 -- Controller: cn.colonq.admin.control.UserController; Method: login; LogType: login;', NULL, 'admin', '2024-07-22 23:21:25'),
	('0f3d6543-483e-11ef-828d-00155d2df265', 'error', NULL, '2024-07-22 23:21:25 -- Controller: cn.colonq.admin.service.impl.UserServiceImpl; Method: login; LogType: error; ErrMessage: 用户名或密码错误', 'cn.colonq.admin.config.ServiceException: 用户名或密码错误\n	at cn.colonq.admin.service.impl.UserServiceImpl.login(UserServiceImpl.java:52)\n	at cn.colonq.admin.control.UserController.login(UserController.java:33)\n	at java.base/jdk.internal.reflect.DirectMethodHandleAccessor.invoke(DirectMethodHandleAccessor.java:103)\n	at java.base/java.lang.reflect.Method.invoke(Method.java:580)\n	at org.springframework.aop.support.AopUtils.invokeJoinpointUsingReflection(AopUtils.java:354)\n	at org.springframework.aop.framework.ReflectiveMethodInvocation.invokeJoinpoint(ReflectiveMethodInvocation.java:196)\n	at org.springframework.aop.framework.ReflectiveMethodInvocation.proceed(ReflectiveMethodInvocation.java:163)\n	at org.springframework.aop.framework.CglibAopProxy$CglibMethodInvocation.proceed(CglibAopProxy.java:768)\n	at org.springframework.aop.aspectj.AspectJAfterAdvice.invoke(AspectJAfterAdvice.java:49)\n	at org.springframework.aop.framework.ReflectiveMethodInvocation.proceed(ReflectiveMethodInvocation.java:173)\n	at org.springframework.aop.framework.CglibAopProxy$CglibMethodInvocation.proceed(CglibAopProxy.java:768)\n	at org.springframework.aop.interceptor.ExposeInvocationInterceptor.invoke(ExposeInvocationInterceptor.java:97)\n	at org.springframework.aop.framework.ReflectiveMethodInvocation.proceed(ReflectiveMethodInvocation.java:184)\n	at org.springframework.aop.framework.CglibAopProxy$CglibMethodInvocation.proceed(CglibAopProxy.java:768)\n	at org.springframework.aop.framework.CglibAopProxy$DynamicAdvisedInterceptor.intercept(CglibAopProxy.java:720)\n	at cn.colonq.admin.control.UserController$$SpringCGLIB$$0.login(<generated>)\n	at java.base/jdk.internal.reflect.DirectMethodHandleAccessor.invoke(DirectMethodHandleAccessor.java:103)\n	at java.base/java.lang.reflect.Method.invoke(Method.java:580)\n	at org.springframework.web.method.support.InvocableHandlerMethod.doInvoke(InvocableHandlerMethod.java:255)\n	at org.springframework.web.method.support.InvocableHandlerMethod.invokeForRequest(InvocableHandlerMethod.java:188)\n	at org.springframework.web.servlet.mvc.method.annotation.ServletInvocableHandlerMethod.invokeAndHandle(ServletInvocableHandlerMethod.java:118)\n	at org.springframework.web.servlet.mvc.method.annotation.RequestMappingHandlerAdapter.invokeHandlerMethod(RequestMappingHandlerAdapter.java:926)\n	at org.springframework.web.servlet.mvc.method.annotation.RequestMappingHandlerAdapter.handleInternal(RequestMappingHandlerAdapter.java:831)\n	at org.springframework.web.servlet.mvc.method.AbstractHandlerMethodAdapter.handle(AbstractHandlerMethodAdapter.java:87)\n	at org.springframework.web.servlet.DispatcherServlet.doDispatch(DispatcherServlet.java:1089)\n	at org.springframework.web.servlet.DispatcherServlet.doService(DispatcherServlet.java:979)\n	at org.springframework.web.servlet.FrameworkServlet.processRequest(FrameworkServlet.java:1014)\n	at org.springframework.web.servlet.FrameworkServlet.doPost(FrameworkServlet.java:914)\n	at jakarta.servlet.http.HttpServlet.service(HttpServlet.java:590)\n	at org.springframework.web.servlet.FrameworkServlet.service(FrameworkServlet.java:885)\n	at jakarta.servlet.http.HttpServlet.service(HttpServlet.java:658)\n	at org.apache.catalina.core.ApplicationFilterChain.internalDoFilter(ApplicationFilterChain.java:195)\n	at org.apache.catalina.core.ApplicationFilterChain.doFilter(ApplicationFilterChain.java:140)\n	at org.apache.tomcat.websocket.server.WsFilter.doFilter(WsFilter.java:51)\n	at org.apache.catalina.core.ApplicationFilterChain.internalDoFilter(ApplicationFilterChain.java:164)\n	at org.apache.catalina.core.ApplicationFilterChain.doFilter(ApplicationFilterChain.java:140)\n	at cn.colonq.admin.config.TokenFilter.doFilter(TokenFilter.java:97)\n	at org.apache.catalina.core.ApplicationFilterChain.internalDoFilter(ApplicationFilterChain.java:164)\n	at org.apache.catalina.core.ApplicationFilterChain.doFilter(ApplicationFilterChain.java:140)\n	at org.springframework.web.filter.RequestContextFilter.doFilterInternal(RequestContextFilter.java:100)\n	at org.springframework.web.filter.OncePerRequestFilter.doFilter(OncePerRequestFilter.java:116)\n	at org.apache.catalina.core.ApplicationFilterChain.internalDoFilter(ApplicationFilterChain.java:164)\n	at org.apache.catalina.core.ApplicationFilterChain.doFilter(ApplicationFilterChain.java:140)\n	at org.springframework.web.filter.FormContentFilter.doFilterInternal(FormContentFilter.java:93)\n	at org.springframework.web.filter.OncePerRequestFilter.doFilter(OncePerRequestFilter.java:116)\n	at org.apache.catalina.core.ApplicationFilterChain.internalDoFilter(ApplicationFilterChain.java:164)\n	at org.apache.catalina.core.ApplicationFilterChain.doFilter(ApplicationFilterChain.java:140)\n	at org.springframework.web.filter.CharacterEncodingFilter.doFilterInternal(CharacterEncodingFilter.java:201)\n	at org.springframework.web.filter.OncePerRequestFilter.doFilter(OncePerRequestFilter.java:116)\n	at org.apache.catalina.core.ApplicationFilterChain.internalDoFilter(ApplicationFilterChain.java:164)\n	at org.apache.catalina.core.ApplicationFilterChain.doFilter(ApplicationFilterChain.java:140)\n	at org.apache.catalina.core.StandardWrapperValve.invoke(StandardWrapperValve.java:167)\n	at org.apache.catalina.core.StandardContextValve.invoke(StandardContextValve.java:90)\n	at org.apache.catalina.authenticator.AuthenticatorBase.invoke(AuthenticatorBase.java:483)\n	at org.apache.catalina.core.StandardHostValve.invoke(StandardHostValve.java:115)\n	at org.apache.catalina.valves.ErrorReportValve.invoke(ErrorReportValve.java:93)\n	at org.apache.catalina.core.StandardEngineValve.invoke(StandardEngineValve.java:74)\n	at org.apache.catalina.connector.CoyoteAdapter.service(CoyoteAdapter.java:344)\n	at org.apache.coyote.http11.Http11Processor.service(Http11Processor.java:389)\n	at org.apache.coyote.AbstractProcessorLight.process(AbstractProcessorLight.java:63)\n	at org.apache.coyote.AbstractProtocol$ConnectionHandler.process(AbstractProtocol.java:904)\n	at org.apache.tomcat.util.net.NioEndpoint$SocketProcessor.doRun(NioEndpoint.java:1741)\n	at org.apache.tomcat.util.net.SocketProcessorBase.run(SocketProcessorBase.java:52)\n	at java.base/java.lang.VirtualThread.run(VirtualThread.java:329)\n', 'admin', '2024-07-22 23:21:25'),
	('89e7b369-483e-11ef-828d-00155d2df265', 'login', NULL, '2024-07-22 23:24:51 -- Controller: cn.colonq.admin.control.UserController; Method: login; LogType: login;', NULL, 'admin', '2024-07-22 23:24:51'),
	('baf902d1-4848-11ef-828d-00155d2df265', 'add', '[{"userId":null,"userName":"nobume","password":"zhaoweijiekbl965","email":"zwj-nobume@outlook.com","salt":null,"createName":null,"createTime":null}]', '2024-07-23 06:56:32 -- Controller: cn.colonq.admin.control.UserController; Method: insert; LogType: add;', NULL, 'admin', '2024-07-23 06:56:32'),
	('bfb85af5-4848-11ef-828d-00155d2df265', 'edit', '[{"id":"baf59705-4848-11ef-828d-00155d2df265","ids":["710d2766-fc8f-11ee-9405-f0d41530a047"]}]', '2024-07-23 06:56:40 -- Controller: cn.colonq.admin.control.UserController; Method: link; LogType: edit;', NULL, 'admin', '2024-07-23 06:56:40'),
	('abef594e-484f-11ef-828d-00155d2df265', 'edit', '[{"key":"log_type","value":"object:{\\"INFO\\":\\"基础日志\\",\\"ADD\\":\\"新增日志\\",\\"EDIT\\":\\"修改日志\\",\\"DELETE\\":\\"删除日志\\",\\"ERROR\\":\\"报错日志\\",\\"LOGIN\\":\\"登录日志\\",\\"DOWNLOAD\\":\\"下载日志\\"}"}]', '2024-07-23 07:46:13 -- Controller: cn.colonq.admin.control.DictController; Method: update; LogType: edit;', NULL, 'admin', '2024-07-23 07:46:13'),
	('dc84d402-4850-11ef-828d-00155d2df265', 'edit', '[{"key":"log_type","value":"object:{\\"INFO\\":\\"基础日志\\",\\"ADD\\":\\"新增日志\\",\\"EDIT\\":\\"修改日志\\",\\"DELETE\\":\\"删除日志\\",\\"ERROR\\":\\"报错日志\\",\\"LOGIN\\":\\"登录日志\\",\\"DOWNLOAD\\":\\"下载日志\\",\\"qwer\\":\\"\\"}"}]', '2024-07-23 07:54:44 -- Controller: cn.colonq.admin.control.DictController; Method: update; LogType: edit;', NULL, 'admin', '2024-07-23 07:54:44'),
	('1a9ce739-4851-11ef-828d-00155d2df265', 'edit', '[{"key":"log_type","value":"object:{\\"INFO\\":\\"基础日志\\",\\"ADD\\":\\"新增日志\\",\\"EDIT\\":\\"修改日志\\",\\"DELETE\\":\\"删除日志\\",\\"ERROR\\":\\"报错日志\\",\\"LOGIN\\":\\"登录日志\\",\\"DOWNLOAD\\":\\"下载日志\\"}"}]', '2024-07-23 07:56:28 -- Controller: cn.colonq.admin.control.DictController; Method: update; LogType: edit;', NULL, 'admin', '2024-07-23 07:56:28'),
	('3ba8f84f-4851-11ef-828d-00155d2df265', 'edit', '[{"key":"log_type","value":"object:{\\"INFO\\":\\"基础日志\\",\\"ADD\\":\\"新增日志\\",\\"EDIT\\":\\"修改日志\\",\\"DELETE\\":\\"删除日志\\",\\"ERROR\\":\\"报错日志\\",\\"LOGIN\\":\\"登录日志\\",\\"DOWNLOAD\\":\\"下载日志\\"}"}]', '2024-07-23 07:57:24 -- Controller: cn.colonq.admin.control.DictController; Method: update; LogType: edit;', NULL, 'admin', '2024-07-23 07:57:24'),
	('40409143-4851-11ef-828d-00155d2df265', 'edit', '[{"key":"log_type","value":"object:{\\"INFO\\":\\"基础日志\\",\\"ADD\\":\\"新增日志\\",\\"EDIT\\":\\"修改日志\\",\\"DELETE\\":\\"删除日志\\",\\"ERROR\\":\\"报错日志\\",\\"LOGIN\\":\\"登录日志\\",\\"DOWNLOAD\\":\\"下载日志\\",\\"qwer\\":\\"\\"}"}]', '2024-07-23 07:57:31 -- Controller: cn.colonq.admin.control.DictController; Method: update; LogType: edit;', NULL, 'admin', '2024-07-23 07:57:31'),
	('9bc0a6c2-4851-11ef-828d-00155d2df265', 'edit', '[{"key":"log_type","value":"object:{\\"INFO\\":\\"基础日志\\",\\"ADD\\":\\"新增日志\\",\\"EDIT\\":\\"修改日志\\",\\"DELETE\\":\\"删除日志\\",\\"ERROR\\":\\"报错日志\\",\\"LOGIN\\":\\"登录日志\\",\\"DOWNLOAD\\":\\"下载日志\\"}"}]', '2024-07-23 08:00:05 -- Controller: cn.colonq.admin.control.DictController; Method: update; LogType: edit;', NULL, 'admin', '2024-07-23 08:00:05'),
	('a9c3edf1-4851-11ef-828d-00155d2df265', 'edit', '[{"key":"log_type","value":"object:{\\"INFO\\":\\"基础日志\\",\\"ADD\\":\\"新增日志\\",\\"EDIT\\":\\"修改日志\\",\\"DELETE\\":\\"删除日志\\",\\"ERROR\\":\\"报错日志\\",\\"LOGIN\\":\\"登录日志1\\",\\"DOWNLOAD\\":\\"下载日志\\"}"}]', '2024-07-23 08:00:28 -- Controller: cn.colonq.admin.control.DictController; Method: update; LogType: edit;', NULL, 'admin', '2024-07-23 08:00:28'),
	('b6b4c079-4851-11ef-828d-00155d2df265', 'edit', '[{"key":"log_type","value":"object:{\\"INFO\\":\\"基础日志\\",\\"ADD\\":\\"新增日志\\",\\"EDIT\\":\\"修改日志\\",\\"DELETE\\":\\"删除日志\\",\\"ERROR\\":\\"报错日志\\",\\"LOGIN\\":\\"登录日志\\",\\"DOWNLOAD\\":\\"下载日志\\"}"}]', '2024-07-23 08:00:50 -- Controller: cn.colonq.admin.control.DictController; Method: update; LogType: edit;', NULL, 'admin', '2024-07-23 08:00:50'),
	('d6b692c3-4851-11ef-828d-00155d2df265', 'edit', '[{"key":"log_type","value":"object:{\\"INFO\\":\\"基础日志\\",\\"ADD\\":\\"新增日志\\",\\"EDIT\\":\\"修改日志\\",\\"DELETE\\":\\"删除日志\\",\\"ERROR\\":\\"报错日志\\",\\"LOGIN\\":\\"登录日志1\\",\\"DOWNLOAD\\":\\"下载日志\\"}"}]', '2024-07-23 08:01:44 -- Controller: cn.colonq.admin.control.DictController; Method: update; LogType: edit;', NULL, 'admin', '2024-07-23 08:01:44'),
	('dbfa87eb-4851-11ef-828d-00155d2df265', 'edit', '[{"key":"log_type","value":"object:{\\"INFO\\":\\"基础日志\\",\\"ADD\\":\\"新增日志\\",\\"EDIT\\":\\"修改日志\\",\\"DELETE\\":\\"删除日志\\",\\"ERROR\\":\\"报错日志\\",\\"LOGIN\\":\\"登录日志\\",\\"DOWNLOAD\\":\\"下载日志\\"}"}]', '2024-07-23 08:01:53 -- Controller: cn.colonq.admin.control.DictController; Method: update; LogType: edit;', NULL, 'admin', '2024-07-23 08:01:53'),
	('dc533ebc-473b-11ef-81f2-00155d2df2bf', 'login', NULL, '2024-07-21 16:33:09 -- Controller: cn.colonq.admin.control.UserController; Method: login; LogType: login;', NULL, 'admin', '2024-07-21 16:33:09'),
	('f1c0ac9c-473b-11ef-81f2-00155d2df2bf', 'add', '[{"menuId":null,"menuName":"system_log","menuLabel":"日志管理","permission":"system:log","parentId":"a8c8fc58-fd1d-11ee-9405-f0d41530a047","createName":null,"createTime":null}]', '2024-07-21 16:33:45 -- Controller: cn.colonq.admin.control.MenuController; Method: insert; LogType: add;', NULL, 'admin', '2024-07-21 16:33:45'),
	('028859e3-473c-11ef-81f2-00155d2df2bf', 'add', '[{"menuId":null,"menuName":"system_log_query","menuLabel":"日志查询","permission":"system:log:query","parentId":"f1bfc34f-473b-11ef-81f2-00155d2df2bf","createName":null,"createTime":null}]', '2024-07-21 16:34:13 -- Controller: cn.colonq.admin.control.MenuController; Method: insert; LogType: add;', NULL, 'admin', '2024-07-21 16:34:13'),
	('fa9c3855-473c-11ef-81f2-00155d2df2bf', 'edit', '[{"id":"710d2766-fc8f-11ee-9405-f0d41530a047","ids":["02876651-473c-11ef-81f2-00155d2df2bf","554ae313-0748-11ef-88a5-c6d2cc8741ac","0c42e874-36a6-11ef-8283-00155d3a40eb","6d7cd70b-3d84-11ef-81fc-00155d791683","3d69df81-3d84-11ef-81fc-00155d791683","1032e829-0746-11ef-88a5-c6d2cc8741ac","a8c8fc58-fd1d-11ee-9405-f0d41530a047","1ce1e75f-0745-11ef-88a5-c6d2cc8741ac","54a89b10-0746-11ef-88a5-c6d2cc8741ac","1bff0bc7-3d84-11ef-81fc-00155d791683","aab253bf-0745-11ef-88a5-c6d2cc8741ac","4b7f8977-0748-11ef-88a5-c6d2cc8741ac","24e2a561-36a6-11ef-8283-00155d3a40eb","4d15fa66-3d84-11ef-81fc-00155d791683","05c17b81-0746-11ef-88a5-c6d2cc8741ac","611fb075-3d84-11ef-81fc-00155d791683","bee5af14-0745-11ef-88a5-c6d2cc8741ac","f1bfc34f-473b-11ef-81f2-00155d2df2bf","0ab4e3e1-0745-11ef-88a5-c6d2cc8741ac","458e05f5-06e1-11ef-892a-c7d9e8014b74","e13f27bd-06da-11ef-892a-c7d9e8014b74","5f4dbce5-0748-11ef-88a5-c6d2cc8741ac","f5fb4553-06e1-11ef-892a-c7d9e8014b74","fe8a5eef-36a5-11ef-8283-00155d3a40eb","e9f0b56c-36a5-11ef-8283-00155d3a40eb","c9ab68d5-36a5-11ef-8283-00155d3a40eb","15db031a-36a6-11ef-8283-00155d3a40eb","fe23035c-0745-11ef-88a5-c6d2cc8741ac","f55e7164-0745-11ef-88a5-c6d2cc8741ac"]}]', '2024-07-21 16:41:09 -- Controller: cn.colonq.admin.control.RoleController; Method: linkRM; LogType: edit;', NULL, 'admin', '2024-07-21 16:41:09'),
	('209aaaba-473d-11ef-81f2-00155d2df2bf', 'login', NULL, '2024-07-21 16:42:13 -- Controller: cn.colonq.admin.control.UserController; Method: login; LogType: login;', NULL, 'admin', '2024-07-21 16:42:13'),
	('d2a8f791-4744-11ef-81f2-00155d2df2bf', 'error', NULL, '2024-07-21 17:37:18 -- Controller: cn.colonq.admin.config.TokenFilter; Method: doFilter; LogType: error; ErrMessage: 登录已过期, 请重新登录', 'cn.colonq.admin.config.ServiceException: 登录已过期, 请重新登录\n	at cn.colonq.admin.config.TokenFilter.doFilter(TokenFilter.java:63)\n	at org.apache.catalina.core.ApplicationFilterChain.internalDoFilter(ApplicationFilterChain.java:164)\n	at org.apache.catalina.core.ApplicationFilterChain.doFilter(ApplicationFilterChain.java:140)\n	at org.springframework.web.filter.RequestContextFilter.doFilterInternal(RequestContextFilter.java:100)\n	at org.springframework.web.filter.OncePerRequestFilter.doFilter(OncePerRequestFilter.java:116)\n	at org.apache.catalina.core.ApplicationFilterChain.internalDoFilter(ApplicationFilterChain.java:164)\n	at org.apache.catalina.core.ApplicationFilterChain.doFilter(ApplicationFilterChain.java:140)\n	at org.springframework.web.filter.FormContentFilter.doFilterInternal(FormContentFilter.java:93)\n	at org.springframework.web.filter.OncePerRequestFilter.doFilter(OncePerRequestFilter.java:116)\n	at org.apache.catalina.core.ApplicationFilterChain.internalDoFilter(ApplicationFilterChain.java:164)\n	at org.apache.catalina.core.ApplicationFilterChain.doFilter(ApplicationFilterChain.java:140)\n	at org.springframework.web.filter.CharacterEncodingFilter.doFilterInternal(CharacterEncodingFilter.java:201)\n	at org.springframework.web.filter.OncePerRequestFilter.doFilter(OncePerRequestFilter.java:116)\n	at org.apache.catalina.core.ApplicationFilterChain.internalDoFilter(ApplicationFilterChain.java:164)\n	at org.apache.catalina.core.ApplicationFilterChain.doFilter(ApplicationFilterChain.java:140)\n	at org.apache.catalina.core.StandardWrapperValve.invoke(StandardWrapperValve.java:167)\n	at org.apache.catalina.core.StandardContextValve.invoke(StandardContextValve.java:90)\n	at org.apache.catalina.authenticator.AuthenticatorBase.invoke(AuthenticatorBase.java:483)\n	at org.apache.catalina.core.StandardHostValve.invoke(StandardHostValve.java:115)\n	at org.apache.catalina.valves.ErrorReportValve.invoke(ErrorReportValve.java:93)\n	at org.apache.catalina.core.StandardEngineValve.invoke(StandardEngineValve.java:74)\n	at org.apache.catalina.connector.CoyoteAdapter.service(CoyoteAdapter.java:344)\n	at org.apache.coyote.http11.Http11Processor.service(Http11Processor.java:389)\n	at org.apache.coyote.AbstractProcessorLight.process(AbstractProcessorLight.java:63)\n	at org.apache.coyote.AbstractProtocol$ConnectionHandler.process(AbstractProtocol.java:904)\n	at org.apache.tomcat.util.net.NioEndpoint$SocketProcessor.doRun(NioEndpoint.java:1741)\n	at org.apache.tomcat.util.net.SocketProcessorBase.run(SocketProcessorBase.java:52)\n	at java.base/java.lang.VirtualThread.run(VirtualThread.java:329)\n', 'admin', '2024-07-21 17:37:18'),
	('352935c1-4a84-11ef-8373-00155deab034', 'delete', '[["79976bb1-4a18-11ef-83d2-00155d078e6a"]]', '2024-07-25 20:48:35 -- Controller: cn.colonq.admin.control.UserController; Method: delete; LogType: delete;', NULL, 'admin', '2024-07-25 20:48:35'),
	('3ad519c3-4a84-11ef-8373-00155deab034', 'delete', '[["baf59705-4848-11ef-828d-00155d2df265"]]', '2024-07-25 20:48:45 -- Controller: cn.colonq.admin.control.UserController; Method: delete; LogType: delete;', NULL, 'admin', '2024-07-25 20:48:45');

-- 导出  表 colonq.menu_info 结构
DROP TABLE IF EXISTS `menu_info`;
CREATE TABLE IF NOT EXISTS `menu_info` (
  `menu_id` uuid NOT NULL DEFAULT uuid() COMMENT '菜单ID',
  `menu_name` varchar(20) NOT NULL COMMENT '菜单名',
  `menu_label` varchar(50) NOT NULL COMMENT '菜单标签',
  `permission` varchar(50) NOT NULL COMMENT '权限标识',
  `parent_id` uuid DEFAULT NULL COMMENT '父标签',
  `create_name` varchar(20) NOT NULL COMMENT '创建人名',
  `create_time` datetime NOT NULL DEFAULT current_timestamp() COMMENT '创建时间',
  PRIMARY KEY (`menu_id`),
  UNIQUE KEY `menu_name` (`menu_name`),
  KEY `search` (`parent_id`,`menu_label`,`permission`,`create_name`) USING BTREE
) ENGINE=InnoDB DEFAULT CHARSET=utf8mb4 COLLATE=utf8mb4_general_ci COMMENT='菜单信息表';

-- 正在导出表  colonq.menu_info 的数据：~26 rows (大约)
INSERT INTO `menu_info` (`menu_id`, `menu_name`, `menu_label`, `permission`, `parent_id`, `create_name`, `create_time`) VALUES
	('f1bfc34f-473b-11ef-81f2-00155d2df2bf', 'system_log', '日志管理', 'system:log', 'a8c8fc58-fd1d-11ee-9405-f0d41530a047', 'admin', '2024-07-21 16:33:45'),
	('02876651-473c-11ef-81f2-00155d2df2bf', 'system_log_query', '日志查询', 'system:log:query', 'f1bfc34f-473b-11ef-81f2-00155d2df2bf', 'admin', '2024-07-21 16:34:13'),
	('c9ab68d5-36a5-11ef-8283-00155d3a40eb', 'system_file', '文件管理', 'system:file', 'a8c8fc58-fd1d-11ee-9405-f0d41530a047', 'admin', '2024-06-30 13:58:35'),
	('e9f0b56c-36a5-11ef-8283-00155d3a40eb', 'system_file_query', '文件查询', 'system:file:query', 'c9ab68d5-36a5-11ef-8283-00155d3a40eb', 'admin', '2024-06-30 13:59:29'),
	('fe8a5eef-36a5-11ef-8283-00155d3a40eb', 'system_file_add', '文件新增', 'system:file:add', 'c9ab68d5-36a5-11ef-8283-00155d3a40eb', 'admin', '2024-06-30 14:00:03'),
	('0c42e874-36a6-11ef-8283-00155d3a40eb', 'system_file_edit', '文件修改', 'system:file:edit', 'c9ab68d5-36a5-11ef-8283-00155d3a40eb', 'admin', '2024-06-30 14:00:26'),
	('15db031a-36a6-11ef-8283-00155d3a40eb', 'system_file_delete', '文件删除', 'system:file:delete', 'c9ab68d5-36a5-11ef-8283-00155d3a40eb', 'admin', '2024-06-30 14:00:43'),
	('24e2a561-36a6-11ef-8283-00155d3a40eb', 'system_file_download', '文件下载', 'system:file:download', 'c9ab68d5-36a5-11ef-8283-00155d3a40eb', 'admin', '2024-06-30 14:01:08'),
	('1bff0bc7-3d84-11ef-81fc-00155d791683', 'system_dict', '字典管理', 'system:dict', 'a8c8fc58-fd1d-11ee-9405-f0d41530a047', 'admin', '2024-07-09 07:45:08'),
	('3d69df81-3d84-11ef-81fc-00155d791683', 'system_dict_query', '字典查询', 'system:dict:query', '1bff0bc7-3d84-11ef-81fc-00155d791683', 'admin', '2024-07-09 07:46:04'),
	('4d15fa66-3d84-11ef-81fc-00155d791683', 'system_dict_add', '字典新增', 'system:dict:add', '1bff0bc7-3d84-11ef-81fc-00155d791683', 'admin', '2024-07-09 07:46:31'),
	('611fb075-3d84-11ef-81fc-00155d791683', 'system_dict_edit', '字典修改', 'system:dict:edit', '1bff0bc7-3d84-11ef-81fc-00155d791683', 'admin', '2024-07-09 07:47:04'),
	('6d7cd70b-3d84-11ef-81fc-00155d791683', 'system_dict_delete', '字典删除', 'system:dict:delete', '1bff0bc7-3d84-11ef-81fc-00155d791683', 'admin', '2024-07-09 07:47:25'),
	('0ab4e3e1-0745-11ef-88a5-c6d2cc8741ac', 'system_user_query', '用户查询', 'system:user:query', 'e13f27bd-06da-11ef-892a-c7d9e8014b74', 'nobume', '2024-05-01 06:57:38'),
	('1ce1e75f-0745-11ef-88a5-c6d2cc8741ac', 'system_user_add', '用户新增', 'system:user:add', 'e13f27bd-06da-11ef-892a-c7d9e8014b74', 'nobume', '2024-05-01 06:58:09'),
	('aab253bf-0745-11ef-88a5-c6d2cc8741ac', 'system_user_edit', '用户修改', 'system:user:edit', 'e13f27bd-06da-11ef-892a-c7d9e8014b74', 'nobume', '2024-05-01 07:02:06'),
	('bee5af14-0745-11ef-88a5-c6d2cc8741ac', 'system_user_delete', '用户删除', 'system:user:delete', 'e13f27bd-06da-11ef-892a-c7d9e8014b74', 'nobume', '2024-05-01 07:02:40'),
	('f55e7164-0745-11ef-88a5-c6d2cc8741ac', 'system_role_query', '角色查询', 'system:role:query', '458e05f5-06e1-11ef-892a-c7d9e8014b74', 'nobume', '2024-05-01 07:04:12'),
	('fe23035c-0745-11ef-88a5-c6d2cc8741ac', 'system_role_add', '角色新增', 'system:role:add', '458e05f5-06e1-11ef-892a-c7d9e8014b74', 'nobume', '2024-05-01 07:04:26'),
	('05c17b81-0746-11ef-88a5-c6d2cc8741ac', 'system_role_edit', '角色修改', 'system:role:edit', '458e05f5-06e1-11ef-892a-c7d9e8014b74', 'nobume', '2024-05-01 07:04:39'),
	('1032e829-0746-11ef-88a5-c6d2cc8741ac', 'system_role_delete', '角色删除', 'system:role:delete', '458e05f5-06e1-11ef-892a-c7d9e8014b74', 'nobume', '2024-05-01 07:04:57'),
	('54a89b10-0746-11ef-88a5-c6d2cc8741ac', 'system_menu_query', '菜单查询', 'system:menu:query', 'f5fb4553-06e1-11ef-892a-c7d9e8014b74', 'nobume', '2024-05-01 07:06:52'),
	('4b7f8977-0748-11ef-88a5-c6d2cc8741ac', 'system_menu_add', '菜单新增', 'system:menu:add', 'f5fb4553-06e1-11ef-892a-c7d9e8014b74', 'nobume', '2024-05-01 07:20:55'),
	('554ae313-0748-11ef-88a5-c6d2cc8741ac', 'system_menu_edit', '菜单修改', 'system:menu:edit', 'f5fb4553-06e1-11ef-892a-c7d9e8014b74', 'nobume', '2024-05-01 07:21:12'),
	('5f4dbce5-0748-11ef-88a5-c6d2cc8741ac', 'system_menu_delete', '菜单删除', 'system:menu:delete', 'f5fb4553-06e1-11ef-892a-c7d9e8014b74', 'nobume', '2024-05-01 07:21:28'),
	('e13f27bd-06da-11ef-892a-c7d9e8014b74', 'system_user', '用户管理', 'system:user', 'a8c8fc58-fd1d-11ee-9405-f0d41530a047', 'nobume', '2024-04-30 18:17:43'),
	('458e05f5-06e1-11ef-892a-c7d9e8014b74', 'system_role', '角色管理', 'system:role', 'a8c8fc58-fd1d-11ee-9405-f0d41530a047', 'nobume', '2024-04-30 19:03:28'),
	('f5fb4553-06e1-11ef-892a-c7d9e8014b74', 'system_menu', '菜单管理', 'system:menu', 'a8c8fc58-fd1d-11ee-9405-f0d41530a047', 'nobume', '2024-04-30 19:08:24'),
	('a8c8fc58-fd1d-11ee-9405-f0d41530a047', 'system', '系统管理', 'system', NULL, 'admin', '2024-04-18 08:50:02');

-- 导出  表 colonq.role_info 结构
DROP TABLE IF EXISTS `role_info`;
CREATE TABLE IF NOT EXISTS `role_info` (
  `role_id` uuid NOT NULL DEFAULT uuid() COMMENT '角色ID',
  `role_name` varchar(20) NOT NULL COMMENT '角色名',
  `role_label` varchar(20) NOT NULL COMMENT '角色标签',
  `create_name` varchar(20) NOT NULL COMMENT '创建人名',
  `create_time` datetime NOT NULL DEFAULT current_timestamp() COMMENT '创建时间',
  PRIMARY KEY (`role_id`),
  UNIQUE KEY `role_name` (`role_name`),
  KEY `search` (`role_label`,`create_name`) USING BTREE
) ENGINE=InnoDB DEFAULT CHARSET=utf8mb4 COLLATE=utf8mb4_general_ci COMMENT='角色信息表';

-- 正在导出表  colonq.role_info 的数据：~0 rows (大约)
INSERT INTO `role_info` (`role_id`, `role_name`, `role_label`, `create_name`, `create_time`) VALUES
	('710d2766-fc8f-11ee-9405-f0d41530a047', 'admin', '管理员', 'admin', '2024-04-17 15:52:04');

-- 导出  表 colonq.role_menu_link 结构
DROP TABLE IF EXISTS `role_menu_link`;
CREATE TABLE IF NOT EXISTS `role_menu_link` (
  `role_id` uuid NOT NULL COMMENT '角色ID',
  `menu_id` uuid NOT NULL COMMENT '菜单ID',
  KEY `id` (`role_id`,`menu_id`)
) ENGINE=InnoDB DEFAULT CHARSET=utf8mb4 COLLATE=utf8mb4_general_ci COMMENT='角色菜单链接表';

-- 正在导出表  colonq.role_menu_link 的数据：~29 rows (大约)
INSERT INTO `role_menu_link` (`role_id`, `menu_id`) VALUES
	('710d2766-fc8f-11ee-9405-f0d41530a047', 'f1bfc34f-473b-11ef-81f2-00155d2df2bf'),
	('710d2766-fc8f-11ee-9405-f0d41530a047', '02876651-473c-11ef-81f2-00155d2df2bf'),
	('710d2766-fc8f-11ee-9405-f0d41530a047', 'c9ab68d5-36a5-11ef-8283-00155d3a40eb'),
	('710d2766-fc8f-11ee-9405-f0d41530a047', 'e9f0b56c-36a5-11ef-8283-00155d3a40eb'),
	('710d2766-fc8f-11ee-9405-f0d41530a047', 'fe8a5eef-36a5-11ef-8283-00155d3a40eb'),
	('710d2766-fc8f-11ee-9405-f0d41530a047', '0c42e874-36a6-11ef-8283-00155d3a40eb'),
	('710d2766-fc8f-11ee-9405-f0d41530a047', '15db031a-36a6-11ef-8283-00155d3a40eb'),
	('710d2766-fc8f-11ee-9405-f0d41530a047', '24e2a561-36a6-11ef-8283-00155d3a40eb'),
	('710d2766-fc8f-11ee-9405-f0d41530a047', '1bff0bc7-3d84-11ef-81fc-00155d791683'),
	('710d2766-fc8f-11ee-9405-f0d41530a047', '3d69df81-3d84-11ef-81fc-00155d791683'),
	('710d2766-fc8f-11ee-9405-f0d41530a047', '4d15fa66-3d84-11ef-81fc-00155d791683'),
	('710d2766-fc8f-11ee-9405-f0d41530a047', '611fb075-3d84-11ef-81fc-00155d791683'),
	('710d2766-fc8f-11ee-9405-f0d41530a047', '6d7cd70b-3d84-11ef-81fc-00155d791683'),
	('710d2766-fc8f-11ee-9405-f0d41530a047', '0ab4e3e1-0745-11ef-88a5-c6d2cc8741ac'),
	('710d2766-fc8f-11ee-9405-f0d41530a047', '1ce1e75f-0745-11ef-88a5-c6d2cc8741ac'),
	('710d2766-fc8f-11ee-9405-f0d41530a047', 'aab253bf-0745-11ef-88a5-c6d2cc8741ac'),
	('710d2766-fc8f-11ee-9405-f0d41530a047', 'bee5af14-0745-11ef-88a5-c6d2cc8741ac'),
	('710d2766-fc8f-11ee-9405-f0d41530a047', 'f55e7164-0745-11ef-88a5-c6d2cc8741ac'),
	('710d2766-fc8f-11ee-9405-f0d41530a047', 'fe23035c-0745-11ef-88a5-c6d2cc8741ac'),
	('710d2766-fc8f-11ee-9405-f0d41530a047', '05c17b81-0746-11ef-88a5-c6d2cc8741ac'),
	('710d2766-fc8f-11ee-9405-f0d41530a047', '1032e829-0746-11ef-88a5-c6d2cc8741ac'),
	('710d2766-fc8f-11ee-9405-f0d41530a047', '54a89b10-0746-11ef-88a5-c6d2cc8741ac'),
	('710d2766-fc8f-11ee-9405-f0d41530a047', '4b7f8977-0748-11ef-88a5-c6d2cc8741ac'),
	('710d2766-fc8f-11ee-9405-f0d41530a047', '554ae313-0748-11ef-88a5-c6d2cc8741ac'),
	('710d2766-fc8f-11ee-9405-f0d41530a047', '5f4dbce5-0748-11ef-88a5-c6d2cc8741ac'),
	('710d2766-fc8f-11ee-9405-f0d41530a047', 'e13f27bd-06da-11ef-892a-c7d9e8014b74'),
	('710d2766-fc8f-11ee-9405-f0d41530a047', '458e05f5-06e1-11ef-892a-c7d9e8014b74'),
	('710d2766-fc8f-11ee-9405-f0d41530a047', 'f5fb4553-06e1-11ef-892a-c7d9e8014b74'),
	('710d2766-fc8f-11ee-9405-f0d41530a047', 'a8c8fc58-fd1d-11ee-9405-f0d41530a047');

-- 导出  表 colonq.user_info 结构
DROP TABLE IF EXISTS `user_info`;
CREATE TABLE IF NOT EXISTS `user_info` (
  `user_id` uuid NOT NULL DEFAULT uuid() COMMENT '用户ID',
  `user_name` varchar(20) NOT NULL COMMENT '用户名',
  `password` char(41) NOT NULL DEFAULT password('123456') COMMENT '用户密码',
  `email` varchar(50) NOT NULL COMMENT '用户邮箱',
  `salt` char(64) NOT NULL DEFAULT sha2(md5(rand()),256) COMMENT '盐值',
  `create_name` varchar(20) NOT NULL COMMENT '创建人名',
  `create_time` datetime NOT NULL DEFAULT current_timestamp() COMMENT '创建时间',
  PRIMARY KEY (`user_id`),
  UNIQUE KEY `user_name` (`user_name`),
  KEY `search` (`email`,`create_name`) USING BTREE
) ENGINE=InnoDB DEFAULT CHARSET=utf8mb4 COLLATE=utf8mb4_general_ci COMMENT='用户信息表';

-- 正在导出表  colonq.user_info 的数据：~1 rows (大约)
INSERT INTO `user_info` (`user_id`, `user_name`, `password`, `email`, `salt`, `create_name`, `create_time`) VALUES
	('dca2a4e6-f9f2-11ee-9405-f0d41530a047', 'admin', '*6BB4837EB74329105EE4568DDA7DC67ED2CA2AD9', 'zwj-nobume@outlook.com', '4d7ffba28355cc66aeba8974082de9c87ec479f45b692f0824bde938fb583543', 'admin', '2024-04-14 08:06:35');

-- 导出  表 colonq.user_role_link 结构
DROP TABLE IF EXISTS `user_role_link`;
CREATE TABLE IF NOT EXISTS `user_role_link` (
  `user_id` uuid NOT NULL COMMENT '用户ID',
  `role_id` uuid NOT NULL COMMENT '角色ID',
  KEY `id` (`user_id`,`role_id`)
) ENGINE=InnoDB DEFAULT CHARSET=utf8mb4 COLLATE=utf8mb4_general_ci COMMENT='用户角色链接表';

-- 正在导出表  colonq.user_role_link 的数据：~0 rows (大约)
INSERT INTO `user_role_link` (`user_id`, `role_id`) VALUES
	('dca2a4e6-f9f2-11ee-9405-f0d41530a047', '710d2766-fc8f-11ee-9405-f0d41530a047');

/*!40103 SET TIME_ZONE=IFNULL(@OLD_TIME_ZONE, 'system') */;
/*!40101 SET SQL_MODE=IFNULL(@OLD_SQL_MODE, '') */;
/*!40014 SET FOREIGN_KEY_CHECKS=IFNULL(@OLD_FOREIGN_KEY_CHECKS, 1) */;
/*!40101 SET CHARACTER_SET_CLIENT=@OLD_CHARACTER_SET_CLIENT */;
/*!40111 SET SQL_NOTES=IFNULL(@OLD_SQL_NOTES, 1) */;
